file,slug,page_type,title,h1,primary_keyword,parent,hero_image,schema,word_count
"core/arrested.md","arrested","core","You Have Been Arrested | What Happens Now","You have been arrested. What happens now","arrested in ireland what happens","index","corridor","WebPage","1174"
"core/contact.md","contact","core","Contact Us | 24 Hour Garda Station Solicitors, Dublin","Contact us","contact garda station solicitor dublin","index","georgian-door","LegalService","931"
"core/family-member-arrested.md","family-member-arrested","core","My Family Member Has Been Arrested | What To Do","Someone you love has been arrested","family member arrested ireland","index","consultation-room","WebPage","1181"
"core/index.md","index","core","Garda Station Solicitors | 24 Hour Advice, Dublin","Before you say anything to the Gardai, speak to a solicitor","garda station solicitor","","hero-dublin","LegalService","1173"
"core/legal-aid.md","legal-aid","core","Legal Aid and Free Legal Advice at a Garda Station","Legal aid and free legal advice","garda station legal advice scheme","index","consultation-room","WebPage","1180"
"core/tony-collier.md","tony-collier","core","Tony Collier | Criminal Defence Solicitor, Dublin","Tony Collier and the criminal defence team","tony collier solicitor","index","law-library","Attorney","1265"
"core/voluntary-attendance.md","voluntary-attendance","core","Asked to Attend a Garda Station Voluntarily","Asked to attend a Garda station voluntarily","voluntary attendance garda station","index","georgian-door","WebPage","1179"
"core/weekend-out-of-hours.md","weekend-out-of-hours","core","Weekend and Out of Hours Solicitor | Garda Stations","Nights, weekends and bank holidays","weekend solicitor garda station","index","night-street","LegalService","1160"
"core/your-rights.md","your-rights","core","Your Rights in a Garda Station | What You Are Entitled To","Your rights in a Garda station","rights in a garda station","index","law-library","WebPage","1174"
"counties/garda-station-solicitor-carlow.md","garda-station-solicitor-carlow","county","Garda Station Solicitors Carlow | 24 Hour Legal Advice","Garda station solicitors in Carlow","garda station solicitor carlow","nationwide","night-street","LegalService","657"
"counties/garda-station-solicitor-cavan.md","garda-station-solicitor-cavan","county","Garda Station Solicitors Cavan | 24 Hour Legal Advice","Garda station solicitors in Cavan","garda station solicitor cavan","nationwide","night-street","LegalService","627"
"counties/garda-station-solicitor-clare.md","garda-station-solicitor-clare","county","Garda Station Solicitors Clare | 24 Hour Legal Advice","Garda station solicitors in Clare","garda station solicitor clare","nationwide","night-street","LegalService","646"
"counties/garda-station-solicitor-cork.md","garda-station-solicitor-cork","county","Garda Station Solicitors Cork | 24 Hour Legal Advice","Garda station solicitors in Cork","garda station solicitor cork","nationwide","night-street","LegalService","641"
"counties/garda-station-solicitor-donegal.md","garda-station-solicitor-donegal","county","Garda Station Solicitors Donegal | 24 Hour Advice","Garda station solicitors in Donegal","garda station solicitor donegal","nationwide","night-street","LegalService","659"
"counties/garda-station-solicitor-dublin.md","garda-station-solicitor-dublin","county","Garda Station Solicitors Dublin | 24 Hour Legal Advice","Garda station solicitors in Dublin","garda station solicitor dublin","nationwide","hero-dublin","LegalService","657"
"counties/garda-station-solicitor-galway.md","garda-station-solicitor-galway","county","Garda Station Solicitors Galway | 24 Hour Advice","Garda station solicitors in Galway","garda station solicitor galway","nationwide","night-street","LegalService","673"
"counties/garda-station-solicitor-kerry.md","garda-station-solicitor-kerry","county","Garda Station Solicitors Kerry | 24 Hour Legal Advice","Garda station solicitors in Kerry","garda station solicitor kerry","nationwide","night-street","LegalService","664"
"counties/garda-station-solicitor-kildare.md","garda-station-solicitor-kildare","county","Garda Station Solicitors Kildare | 24 Hour Legal Advice","Garda station solicitors in Kildare","garda station solicitor kildare","nationwide","night-street","LegalService","641"
"counties/garda-station-solicitor-kilkenny.md","garda-station-solicitor-kilkenny","county","Garda Station Solicitors Kilkenny | 24 Hour Advice","Garda station solicitors in Kilkenny","garda station solicitor kilkenny","nationwide","night-street","LegalService","646"
"counties/garda-station-solicitor-laois.md","garda-station-solicitor-laois","county","Garda Station Solicitors Laois | 24 Hour Legal Advice","Garda station solicitors in Laois","garda station solicitor laois","nationwide","night-street","LegalService","635"
"counties/garda-station-solicitor-leitrim.md","garda-station-solicitor-leitrim","county","Garda Station Solicitors Leitrim | 24 Hour Advice","Garda station solicitors in Leitrim","garda station solicitor leitrim","nationwide","night-street","LegalService","635"
"counties/garda-station-solicitor-limerick.md","garda-station-solicitor-limerick","county","Garda Station Solicitors Limerick | 24 Hour Advice","Garda station solicitors in Limerick","garda station solicitor limerick","nationwide","night-street","LegalService","666"
"counties/garda-station-solicitor-longford.md","garda-station-solicitor-longford","county","Garda Station Solicitors Longford | 24 Hour Advice","Garda station solicitors in Longford","garda station solicitor longford","nationwide","night-street","LegalService","636"
"counties/garda-station-solicitor-louth.md","garda-station-solicitor-louth","county","Garda Station Solicitors Louth | 24 Hour Legal Advice","Garda station solicitors in Louth","garda station solicitor louth","nationwide","night-street","LegalService","662"
"counties/garda-station-solicitor-mayo.md","garda-station-solicitor-mayo","county","Garda Station Solicitors Mayo | 24 Hour Legal Advice","Garda station solicitors in Mayo","garda station solicitor mayo","nationwide","night-street","LegalService","664"
"counties/garda-station-solicitor-meath.md","garda-station-solicitor-meath","county","Garda Station Solicitors Meath | 24 Hour Legal Advice","Garda station solicitors in Meath","garda station solicitor meath","nationwide","night-street","LegalService","630"
"counties/garda-station-solicitor-monaghan.md","garda-station-solicitor-monaghan","county","Garda Station Solicitors Monaghan | 24 Hour Advice","Garda station solicitors in Monaghan","garda station solicitor monaghan","nationwide","night-street","LegalService","656"
"counties/garda-station-solicitor-offaly.md","garda-station-solicitor-offaly","county","Garda Station Solicitors Offaly | 24 Hour Legal Advice","Garda station solicitors in Offaly","garda station solicitor offaly","nationwide","night-street","LegalService","630"
"counties/garda-station-solicitor-roscommon.md","garda-station-solicitor-roscommon","county","Garda Station Solicitors Roscommon | 24 Hour Advice","Garda station solicitors in Roscommon","garda station solicitor roscommon","nationwide","night-street","LegalService","638"
"counties/garda-station-solicitor-sligo.md","garda-station-solicitor-sligo","county","Garda Station Solicitors Sligo | 24 Hour Legal Advice","Garda station solicitors in Sligo","garda station solicitor sligo","nationwide","night-street","LegalService","642"
"counties/garda-station-solicitor-tipperary.md","garda-station-solicitor-tipperary","county","Garda Station Solicitors Tipperary | 24 Hour Advice","Garda station solicitors in Tipperary","garda station solicitor tipperary","nationwide","night-street","LegalService","629"
"counties/garda-station-solicitor-waterford.md","garda-station-solicitor-waterford","county","Garda Station Solicitors Waterford | 24 Hour Advice","Garda station solicitors in Waterford","garda station solicitor waterford","nationwide","night-street","LegalService","634"
"counties/garda-station-solicitor-westmeath.md","garda-station-solicitor-westmeath","county","Garda Station Solicitors Westmeath | 24 Hour Advice","Garda station solicitors in Westmeath","garda station solicitor westmeath","nationwide","night-street","LegalService","637"
"counties/garda-station-solicitor-wexford.md","garda-station-solicitor-wexford","county","Garda Station Solicitors Wexford | 24 Hour Advice","Garda station solicitors in Wexford","garda station solicitor wexford","nationwide","night-street","LegalService","659"
"counties/garda-station-solicitor-wicklow.md","garda-station-solicitor-wicklow","county","Garda Station Solicitors Wicklow | 24 Hour Legal Advice","Garda station solicitors in Wicklow","garda station solicitor wicklow","nationwide","night-street","LegalService","635"
"courts/central-criminal-court.md","central-criminal-court","court","Central Criminal Court | The Most Serious Charges","The Central Criminal Court","central criminal court","index","courts","LegalService","757"
"courts/childrens-court.md","childrens-court","court","Children's Court, Smithfield | Solicitor for Under 18s","The Children's Court at Smithfield","childrens court smithfield","index","courts","LegalService","771"
"courts/circuit-criminal-court.md","circuit-criminal-court","court","Circuit Criminal Court | Sent Forward for Trial by Jury","The Circuit Criminal Court: trial by judge and jury","circuit criminal court","index","courts","LegalService","760"
"courts/criminal-courts-of-justice.md","criminal-courts-of-justice","court","Criminal Courts of Justice, Parkgate Street | Ferrys","The Criminal Courts of Justice, Parkgate Street","criminal courts of justice","index","courts","LegalService","753"
"courts/dublin-district-court.md","dublin-district-court","court","Dublin District Court | First Appearance, Bail, Remands","The District Court: where almost every criminal case begins","dublin district court","index","courts","LegalService","761"
"courts/special-criminal-court.md","special-criminal-court","court","Special Criminal Court | Non-Jury Trial Explained","The Special Criminal Court","special criminal court","index","courts","LegalService","751"
"dublin/garda-station-solicitor-artane.md","garda-station-solicitor-artane","dublin-office","Garda Station Solicitor Artane | Dublin 5","Garda station solicitors in Artane, Dublin 5","garda station solicitor artane","garda-station-solicitor-dublin","georgian-door","LegalService","615"
"dublin/garda-station-solicitor-ballyfermot.md","garda-station-solicitor-ballyfermot","dublin-office","Garda Station Solicitor Ballyfermot | Dublin 10","Garda station solicitors in Ballyfermot, Dublin 10","garda station solicitor ballyfermot","garda-station-solicitor-dublin","georgian-door","LegalService","621"
"dublin/garda-station-solicitor-ballymun.md","garda-station-solicitor-ballymun","dublin-office","Garda Station Solicitor Ballymun | Dublin 11","Garda station solicitors in Ballymun, Dublin 11","garda station solicitor ballymun","garda-station-solicitor-dublin","georgian-door","LegalService","624"
"dublin/garda-station-solicitor-ormond-quay.md","garda-station-solicitor-ormond-quay","dublin-office","Garda Station Solicitor Ormond Quay | Dublin 7","Garda station solicitors at Ormond Quay, Dublin 7","garda station solicitor ormond quay","garda-station-solicitor-dublin","georgian-door","LegalService","615"
"dublin/garda-station-solicitor-rialto.md","garda-station-solicitor-rialto","dublin-office","Garda Station Solicitor Rialto | Dublin 8","Garda station solicitors in Rialto, Dublin 8","garda station solicitor rialto","garda-station-solicitor-dublin","georgian-door","LegalService","595"
"nationwide.md","nationwide","core","Garda Station Solicitors Nationwide | 24 Hour Advice","Garda station solicitors, nationwide","garda station solicitor ireland","index","corridor","WebPage","614"
"offences/assault.md","assault","offence","Assault Charges | Solicitor Advice Before You Are Questioned","Assault","assault solicitor ireland","index","corridor","LegalService","854"
"offences/drugs-offences.md","drugs-offences","offence","Drugs Offences Solicitors | Possession, Sale and Supply","Drugs offences","drugs offence solicitor ireland","index","night-street","LegalService","887"
"offences/fraud-and-theft.md","fraud-and-theft","offence","Fraud and Theft Solicitors | Garda Station and Court","Fraud and theft","theft solicitor ireland","index","law-library","LegalService","884"
"offences/murder-and-manslaughter.md","murder-and-manslaughter","offence","Murder and Manslaughter Solicitors | 24 Hour Advice","Murder and manslaughter","murder solicitor ireland","index","courts","LegalService","849"
"offences/public-order-offences.md","public-order-offences","offence","Public Order Offences | Solicitor Advice, Day or Night","Public order offences","public order offence solicitor ireland","index","night-street","LegalService","873"
"offences/road-traffic-offences.md","road-traffic-offences","offence","Road Traffic Offences | Drink Driving and Licence Advice","Road traffic offences","drink driving solicitor ireland","index","night-street","LegalService","922"
"offences/sexual-offences.md","sexual-offences","offence","Sexual Offence Allegations | Solicitor Advice, 24 Hours","Sexual offence allegations","sexual offence solicitor ireland","index","consultation-room","LegalService","902"
"offences/white-collar-crime.md","white-collar-crime","offence","White Collar Crime Solicitors | Corporate Investigations","White collar crime and corporate investigations","white collar crime solicitor ireland","index","law-library","LegalService","867"
